[{"pos_x": 139.875, "pos_y": -74.175, "rotation": -90.0, "side": "top", "designator": "U1", "mpn": null, "pack": "DIP-14_W7.62mm_LongPads", "value": "DIP-14", "mount_type": "tht", "place": true}, {"pos_x": 155.8, "pos_y": -74.175, "rotation": -90.0, "side": "top", "designator": "U2", "mpn": null, "pack": "DIP-8_W7.62mm_LongPads", "value": "DIP-8", "mount_type": "tht", "place": true}, {"pos_x": 151.635107, "pos_y": -85.204738, "rotation": 90.0, "side": "top", "designator": "G***", "mpn": null, "pack": "LOGO", "value": "LOGO", "mount_type": "tht", "place": false}, {"pos_x": 142.75, "pos_y": -93.5, "rotation": 0.0, "side": "top", "designator": "R2", "mpn": null, "pack": "R_0402_1005Metric", "value": "0402", "mount_type": "smt", "place": true}, {"pos_x": 147.75, "pos_y": -89.75, "rotation": 0.0, "side": "top", "designator": "R3", "mpn": null, "pack": "R_0603_1608Metric", "value": "0603", "mount_type": "smt", "place": true}, {"pos_x": 146.17, "pos_y": -86.0, "rotation": 0.0, "side": "top", "designator": "R6", "mpn": null, "pack": "R_Axial_DIN0207_L6.3mm_D2.5mm_P10.16mm_Horizontal", "value": "AXIAL", "mount_type": "tht", "place": true}, {"pos_x": 142.75, "pos_y": -89.75, "rotation": 0.0, "side": "top", "designator": "R1", "mpn": null, "pack": "R_0201_0603Metric", "value": "0206", "mount_type": "smt", "place": true}, {"pos_x": 135.044888, "pos_y": -87.5, "rotation": 0.0, "side": "top", "designator": "C1", "mpn": null, "pack": "CP_Radial_D5.0mm_P2.00mm", "value": "5x2mm", "mount_type": "tht", "place": true}, {"pos_x": 147.75, "pos_y": -93.5, "rotation": 0.0, "side": "top", "designator": "R4", "mpn": null, "pack": "R_0805_2012Metric", "value": "0805", "mount_type": "smt", "place": true}, {"pos_x": 153.25, "pos_y": -91.5, "rotation": 0.0, "side": "top", "designator": "R5", "mpn": null, "pack": "R_1206_3216Metric", "value": "1206", "mount_type": "smt", "place": true}, {"pos_x": 125.197349, "pos_y": -89.25, "rotation": 0.0, "side": "top", "designator": "C2", "mpn": null, "pack": "CP_Radial_D8.0mm_P3.80mm", "value": "8x3,8mm", "mount_type": "tht", "place": true}, {"pos_x": 130.428191, "pos_y": -84.195019, "rotation": 90.0, "side": "top", "designator": "G", "mpn": null, "pack": "LOGO", "value": "LOGO", "mount_type": "tht", "place": false}]